date,analysis_date,filename,specimen_label,max_load,max_load_check_NA,max_load_check,dist_max,median,median_last5,variance,num_threads_used,single_breaks,multiple_break_groups,total_thread_breaks,QC_flag,b1,b2,b3,b4,b5,b6,b7,b8
11/4/16,5/6/19,deltas_PV_161104Specimen_RawData_5.csv,,1.49282,,,NA,NA,NA,NA,NA,NA,NA,NA,1,NA,NA,NA,NA,NA,NA,NA,NA
11/4/16,5/6/19,deltas_PV_161104Specimen_RawData_7.csv,63G_,2.3994,,,0.118068422,0.13881,0.1649,0.113583119,34,32,5,44,0,32,3,2,0,0,0,0,0
11/14/16,5/6/19,deltas_PV_161114Specimen_RawData_1.csv,20AG60,0.05133,1,NA,NA,NA,NA,NA,NA,NA,NA,NA,1,NA,NA,NA,NA,NA,NA,NA,NA
11/14/16,5/6/19,deltas_PV_161114Specimen_RawData_2.csv,20AG60,1.40394,,,0.183186828,0.17976,0.17976,0.057083146,5,19,0,19,0,19,0,0,0,0,0,0,0
11/14/16,5/6/19,deltas_PV_161114Specimen_RawData_3.csv,20AG59,0.54546,,,0.038483347,0.05185,0.13575,0.097711811,9,12,5,28,0,12,1,3,0,1,0,0,0
11/14/16,5/6/19,deltas_PV_161114Specimen_RawData_4.csv,20AG64U,0.26425,,,0.046128141,0.07409,0.07409,0.108089456,4,7,1,10,0,7,0,1,0,0,0,0,0
11/14/16,5/6/19,deltas_PV_161114Specimen_RawData_5.csv,20BT61,0.31734,,,0.029472144,0.03898,0.17052,0.11286445,11,17,3,36,0,17,0,0,1,0,0,1,1
11/14/16,5/6/19,deltas_PV_161114Specimen_RawData_6.csv,20BT63.2,0.14899,,,NA,0.15497,0.15497,NA,1,12,0,12,0,12,0,0,0,0,0,0,0
11/14/16,5/6/19,deltas_PV_161114Specimen_RawData_7.csv,20BT63.2.r2,0.05861,,,0.050990815,0.04601,0.04601,0.007141778,2,10,0,10,0,10,0,0,0,0,0,0,0
11/14/16,5/6/19,deltas_PV_161114Specimen_RawData_8.csv,20BT60,0.35281,,,0.159741667,0.159,0.159,0.075074658,5,10,0,10,0,10,0,0,0,0,0,0,0
11/14/16,5/6/19,deltas_PV_161114Specimen_RawData_9.csv,20BT57,0.4845,,,0.041893005,0.05634,0.12246,0.067081891,11,16,4,27,0,16,2,1,1,0,0,0,0
12/16/16,5/6/19,deltas_PV_161216Specimen_RawData_1.csv,6DG_44,0.70196,,,0.039607871,0.055645,0.09421,0.077277641,10,18,3,29,0,18,0,1,2,0,0,0,0
12/16/16,5/6/19,deltas_PV_161216Specimen_RawData_3.csv,6DG_Unk,0.12815,,,NA,0.13758,0.13758,NA,1,1,0,1,1,1,0,0,0,0,0,0,0
12/16/16,5/6/19,deltas_PV_161216Specimen_RawData_5.csv,15BT_21,0.21588,,,0.048072173,0.04915,0.04915,0.111000071,3,21,1,25,0,21,0,0,1,0,0,0,0
12/16/16,5/6/19,deltas_PV_161216Specimen_RawData_6.csv,15BT_19,0.60469,,,0.14765406,0.15481,0.19272,0.071814034,11,28,0,28,0,28,0,0,0,0,0,0,0
12/16/16,5/6/19,deltas_PV_161216Specimen_RawData_7.csv,15AG_19,0.221,,,0.015087319,0.01821,0.01645,0.085248399,6,6,2,18,0,6,0,0,1,0,0,0,1
12/17/16,5/6/19,deltas_PV_161217Specimen_RawData_2.csv,6CT_42,0.30066,,,0.020498569,0.03223,0.03223,0.123265438,5,18,2,28,0,18,1,0,0,0,0,0,1
12/17/16,5/6/19,deltas_PV_161217Specimen_RawData_3.csv,6CT_43,0.38913,,,0.054479283,0.075175,0.1813,0.097059383,10,15,3,23,0,15,2,0,1,0,0,0,0
12/17/16,5/6/19,deltas_PV_161217Specimen_RawData_4.csv,6CT_43_run2,0.34031,,,0.0856577,0.084,0.08001,0.049631112,6,20,1,22,0,20,1,0,0,0,0,0,0
12/17/16,5/6/19,deltas_PV_161217Specimen_RawData_5.csv,15CG_17,0.12803,,,0.055282771,0.04776,0.04776,0.019157081,5,17,0,17,0,17,0,0,0,0,0,0,0
12/17/16,5/6/19,deltas_PV_161217Specimen_RawData_7.csv,15CG_21_run2,0.15933,,,0.038808439,0.06478,0.06478,0.054706539,5,8,0,8,0,8,0,0,0,0,0,0,0
12/18/16,5/6/19,deltas_PV_161218_2Specimen_RawData_1.csv,16CT_30,0.20278,,,0.11552128,0.10047,0.07551,0.037490988,9,9,0,9,0,9,0,0,0,0,0,0,0
12/18/16,5/6/19,deltas_PV_161218_2Specimen_RawData_2.csv,16CT_28,0.0126,,,NA,0.00839,0.00839,NA,1,0,1,2,1,0,1,0,0,0,0,0,0
12/18/16,5/6/19,deltas_PV_161218_2Specimen_RawData_3.csv,16DG_27,0.05222,,,0.011347675,0.014333333,0.014333333,0.008850026,4,4,0,4,1,4,0,0,0,0,0,0,0
12/18/16,5/6/19,deltas_PV_161218_2Specimen_RawData_4.csv,16DG_31,0.03697,,,0.008480834,0.008517025,0.008517025,0.002271037,5,0,5,10,1,0,5,0,0,0,0,0,0
12/18/16,5/6/19,deltas_PV_161218_2Specimen_RawData_5.csv,16DG_31_run2,0.05678,,,0.026185051,0.01431,0.01431,0.017027131,2,10,0,10,0,10,0,0,0,0,0,0,0
12/18/16,5/6/19,deltas_PV_161218_2Specimen_RawData_6.csv,16DG_25,0.05567,,,0.008140329,0.01136,0.01136,0.009192932,4,0,8,16,1,0,8,0,0,0,0,0,0
12/18/16,5/6/19,deltas_PV_161218_2Specimen_RawData_7.csv,16BG_30,0.63762,,,0.076042977,0.11965,0.11965,0.10158954,11,40,2,45,0,40,1,1,0,0,0,0,0
12/18/16,5/6/19,deltas_PV_161218_2Specimen_RawData_8.csv,16BG_29,0.30305,,0.17305,0.026069061,0.03093,0.0481,0.02372381,7,13,2,17,0,13,2,0,0,0,0,0,0
12/18/16,5/6/19,deltas_PV_161218Specimen_RawData_4.csv,16AT_26_run2,0.19149,,,0.173666867,0.09065,0.09065,0.119034356,2,4,0,4,1,4,0,0,0,0,0,0,0
12/18/16,5/6/19,deltas_PV_161218Specimen_RawData_5.csv,16AT_Unk,0.1473,,,NA,0.14654,0.14654,NA,1,2,0,2,1,2,0,0,0,0,0,0,0
12/18/16,5/6/19,deltas_PV_161218Specimen_RawData_6.csv,17AT_40,0.55607,,,0.033848612,0.061,0.10541,0.102775747,26,42,10,74,0,42,6,0,1,2,1,0,0
12/18/16,5/6/19,deltas_PV_161218Specimen_RawData_7.csv,17AT_35,0.28481,,,0.009645315,0.00951,0.00951,0.092032653,7,0,9,29,1,0,7,0,0,0,0,1,1
12/18/16,5/6/19,deltas_PV_161218Specimen_RawData_8.csv,16CT_29,0.0281,1,NA,0.009442696,0.009084302,0.009084302,0.000513886,2,0,2,4,1,0,2,0,0,0,0,0,0
12/18/16,5/6/19,deltas_PV_161218Specimen_RawData_9.csv,16CT_29_run2,0.16028,,,0.019271226,0.02222,0.02217,0.059866169,6,8,2,18,0,8,0,1,0,0,0,1,0
12/21/16,5/6/19,deltas_PV_161221_1Specimen_RawData_1.csv,16BG_32,0.13547,,,0.007093173,0.00917,0.00516,0.052289992,6,0,23,58,1,0,21,0,0,0,0,0,2
12/21/16,5/6/19,deltas_PV_161221_1Specimen_RawData_10.csv,24BG_96,0.59025,,,0.076441687,0.100285,0.09108,0.094317058,12,27,2,32,0,27,1,1,0,0,0,0,0
12/21/16,5/6/19,deltas_PV_161221_1Specimen_RawData_2.csv,23DGG_81,0.23561,,,0.082089761,0.07898,0.07898,0.048196008,7,17,1,19,0,17,1,0,0,0,0,0,0
12/21/16,5/6/19,deltas_PV_161221_1Specimen_RawData_3.csv,23DG_88,0.00944,1,NA,NA,NA,NA,NA,NA,NA,NA,NA,1,NA,NA,NA,NA,NA,NA,NA,NA
12/21/16,5/6/19,deltas_PV_161221_1Specimen_RawData_4.csv,23DG_88_run2,0.0179,,,0.002522458,0.002755102,0.002361516,0.001823972,7,0,7,56,1,0,0,0,0,0,0,0,7
12/21/16,5/6/19,deltas_PV_161221_1Specimen_RawData_5.csv,23DG_86,0.30989,,,0.023002289,0.02661,0.02661,0.079744623,11,13,5,35,0,13,3,0,0,0,0,0,2
12/21/16,5/6/19,deltas_PV_161221_1Specimen_RawData_6.csv,24BG_94,0.28789,,,0.114270235,0.12561,0.12561,0.074527515,3,14,0,14,0,14,0,0,0,0,0,0,0
12/21/16,5/6/19,deltas_PV_161221_1Specimen_RawData_7.csv,24BG_95,0.00842,1,NA,NA,NA,NA,NA,NA,NA,NA,NA,1,NA,NA,NA,NA,NA,NA,NA,NA
12/21/16,5/6/19,deltas_PV_161221_1Specimen_RawData_9.csv,24BG_95_run3,0.04333,,,0.005336168,0.005812449,0.005812449,0.012965082,5,0,5,20,1,0,0,0,5,0,0,0,0
12/21/16,5/6/19,deltas_PV_161221_2Specimen_RawData_1.csv,24T_89,0.18898,,,0.027656516,0.0355,0.0291,0.040883272,11,11,3,19,0,11,2,0,1,0,0,0,0
12/21/16,5/6/19,deltas_PV_161221_2Specimen_RawData_2.csv,24T_90,1.06486,,,0.020692935,0.02161,0.02161,0.046181036,3,7,3,25,0,7,0,0,0,2,0,0,1
12/23/16,5/6/19,deltas_PV_161223_2Specimen_RawData_1.csv,17BG_38,1.53654,,,0.037093884,0.08505,0.19795,0.103170069,32,53,9,75,0,53,5,4,0,0,0,0,0
12/23/16,5/6/19,deltas_PV_161223_2Specimen_RawData_10.csv,21DG_71,0.74697,,,0.166615979,0.163925,0.16111,0.097788455,16,40,1,42,0,40,1,0,0,0,0,0,0
12/23/16,5/6/19,deltas_PV_161223_2Specimen_RawData_2.csv,21AT_70,0.31666,,,0.097382739,0.093715,0.0788,0.060400571,14,25,1,27,0,25,1,0,0,0,0,0,0
12/23/16,5/6/19,deltas_PV_161223_2Specimen_RawData_3.csv,21AT_67,0.37712,,,0.049457226,0.06785,0.16024,0.093224328,11,26,3,36,0,26,1,0,2,0,0,0,0
12/23/16,5/6/19,deltas_PV_161223_2Specimen_RawData_5.csv,23BG_84,1.42711,,,0.09820525,0.12415,0.15576,0.101547058,24,18,6,31,0,18,5,1,0,0,0,0,0
12/23/16,5/6/19,deltas_PV_161223_2Specimen_RawData_6.csv,21BG_64,0.43919,,0.32919,0.122478773,0.12418,0.12418,0.0324454,4,12,0,12,0,12,0,0,0,0,0,0,0
12/23/16,5/6/19,deltas_PV_161223_2Specimen_RawData_7.csv,21BG_65,0.28197,,,0.042387307,0.062055,0.07176,0.043262571,10,10,2,14,0,10,2,0,0,0,0,0,0
12/23/16,5/6/19,deltas_PV_161223_2Specimen_RawData_8.csv,21BG_UNK,0.01081,,,NA,0.01138,0.01138,NA,1,0,1,2,1,0,1,0,0,0,0,0,0
12/23/16,5/6/19,deltas_PV_161223_2Specimen_RawData_9.csv,21DG_70,1.38742,,,0.158028184,0.141095,0.0465,0.099917027,34,54,3,60,0,54,3,0,0,0,0,0,0
12/23/16,5/6/19,deltas_PV_161223_3Specimen_RawData_1.csv,21DG_67,0.99029,,,0.085457863,0.1391,0.1391,0.120558632,9,27,1,30,0,27,0,1,0,0,0,0,0
12/23/16,5/6/19,deltas_PV_161223_3Specimen_RawData_2.csv,21CT_65,0.01464,,,NA,NA,NA,NA,NA,NA,NA,NA,1,NA,NA,NA,NA,NA,NA,NA,NA
12/23/16,5/6/19,deltas_PV_161223Specimen_RawData_1.csv,22DT_76,0.26583,,,0.082759901,0.08909,0.07871,0.044304534,13,44,0,44,0,44,0,0,0,0,0,0,0
12/23/16,5/6/19,deltas_PV_161223Specimen_RawData_10.csv,17BC_36,1.60068,,,0.02839706,0.037805,0.05071,0.058774883,8,13,2,20,0,13,0,1,1,0,0,0,0
12/23/16,5/6/19,deltas_PV_161223Specimen_RawData_2.csv,22DT_77,0.02078,,,0.009646303,0.01082,0.01082,0.001682914,2,0,2,4,1,0,2,0,0,0,0,0,0
12/23/16,5/6/19,deltas_PV_161223Specimen_RawData_3.csv,22DT_78,0.12982,,,0.022740803,0.02422,0.02422,0.056364382,3,3,1,8,1,3,0,0,0,1,0,0,0
12/23/16,5/6/19,deltas_PV_161223Specimen_RawData_6.csv,22BG_75,0.92771,,,0.28503699,0.24693,0.2835,0.128763183,7,19,0,19,0,19,0,0,0,0,0,0,0
12/23/16,5/6/19,deltas_PV_161223Specimen_RawData_7.csv,24DG_92,0.21653,,,NA,0.23787,0.23787,NA,1,7,0,7,0,7,0,0,0,0,0,0,0
12/23/16,5/6/19,deltas_PV_161223Specimen_RawData_8.csv,24DG_90,1.01062,,,0.08062278,0.153595,0.14047,0.155665746,10,24,2,28,0,24,2,0,0,0,0,0,0
12/23/16,5/6/19,deltas_PV_161223Specimen_RawData_9.csv,17BC_40,2.05197,,,0.116376593,0.145355,0.10013,0.122625479,20,41,5,51,0,41,5,0,0,0,0,0,0
12/26/16,5/6/19,deltas_PV_161226_1Specimen_RawData_1.csv,15DT_27,0.05819,,,NA,0.05612,0.05612,NA,1,1,0,1,1,1,0,0,0,0,0,0,0
12/26/16,5/6/19,deltas_PV_161226_1Specimen_RawData_10.csv,13AT_3,0.34805,,,0.180849543,0.18085,0.18085,0.111141939,5,17,0,17,0,17,0,0,0,0,0,0,0
12/26/16,5/6/19,deltas_PV_161226_1Specimen_RawData_2.csv,15DT_23,0.28588,,0.28588,0.098652369,0.104555,0.104555,0.085354259,4,8,1,10,0,8,1,0,0,0,0,0,0
12/26/16,5/6/19,deltas_PV_161226_1Specimen_RawData_3.csv,10AT_64,0.01466,1,NA,0.002304943,0.003072795,0.003653079,0.002975137,6,0,6,48,1,0,0,0,0,0,0,0,6
12/26/16,5/6/19,deltas_PV_161226_1Specimen_RawData_4.csv,10AT_60,0.01895,,,0.011797189,0.010155,0.010155,0.002354666,2,0,2,4,1,0,2,0,0,0,0,0,0
12/26/16,5/6/19,deltas_PV_161226_1Specimen_RawData_5.csv,22AG_78,0.26632,,,0.136692845,0.14129,0.14129,0.072449033,3,12,0,12,0,12,0,0,0,0,0,0,0
12/26/16,5/6/19,deltas_PV_161226_1Specimen_RawData_6.csv,22AG_78,0.48193,,,0.063611767,0.0682,0.07817,0.102281797,14,30,2,39,0,30,0,0,1,1,0,0,0
12/26/16,5/6/19,deltas_PV_161226_1Specimen_RawData_7.csv,22AG_80,0.17213,,,0.147231129,0.122835,0.122835,0.034980572,2,6,0,6,0,6,0,0,0,0,0,0,0
12/26/16,5/6/19,deltas_PV_161226_1Specimen_RawData_8.csv,22AG_77,0.13139,,,0.092067092,0.09008,0.09008,0.018263804,3,7,0,7,0,7,0,0,0,0,0,0,0
12/26/16,5/6/19,deltas_PV_161226_1Specimen_RawData_9.csv,13AT_2,0.10271,,,0.09932956,0.09485,0.09485,0.026221156,3,5,0,5,0,5,0,0,0,0,0,0,0
12/26/16,5/6/19,deltas_PV_161226_2Specimen_RawData_1.csv,11BG_84,0.83001,,,0.062668336,0.08945,0.09572,0.124922486,13,23,2,30,0,23,0,1,1,0,0,0,0
12/26/16,5/6/19,deltas_PV_161226_2Specimen_RawData_2.csv,11BG_81_2,0.14144,,,NA,0.11137,0.11137,NA,1,5,0,5,0,5,0,0,0,0,0,0,0
12/26/16,5/6/19,deltas_PV_161226_2Specimen_RawData_3.csv,11BG_81_2_run2,0.05442,,,0.016171018,0.01692,0.01692,0.002625992,3,6,0,6,0,6,0,0,0,0,0,0,0
12/26/16,5/6/19,deltas_PV_161226_2Specimen_RawData_4.csv,11BG_81_1,0.25816,,,0.027420986,0.065665,0.065665,0.054710096,4,10,0,10,0,10,0,0,0,0,0,0,0
12/26/16,5/6/19,deltas_PV_161226_2Specimen_RawData_5.csv,14CG_15,0.31998,,,0.161502841,0.151765,0.14343,0.073162216,6,18,0,18,0,18,0,0,0,0,0,0,0
12/26/16,5/6/19,deltas_PV_161226_2Specimen_RawData_6.csv,14CG_13,0.82696,,,0.069055558,0.08271,0.08271,0.145586528,7,14,3,23,0,14,2,0,0,1,0,0,0
12/26/16,5/6/19,deltas_PV_161226_2Specimen_RawData_7.csv,14CG_12,0.33605,,,0.1008362,0.11996,0.12079,0.092633157,6,21,1,23,0,21,1,0,0,0,0,0,0
1/7/17,5/6/19,deltas_PV_170107_1Specimen_RawData_1.csv,18CT_45,0.05629,,,0.009014239,0.013525,0.01781,0.015317473,6,15,0,15,0,15,0,0,0,0,0,0,0
1/7/17,5/6/19,deltas_PV_170107_1Specimen_RawData_10.csv,18AT_47/49,0.188,,,0.111005517,0.10943,0.10943,0.015544014,4,9,0,9,0,9,0,0,0,0,0,0,0
1/7/17,5/6/19,deltas_PV_170107_1Specimen_RawData_2.csv,18CT_NT1,0.0161,,,0.003027474,0.008605,0.008605,0.007997378,2,0,3,6,1,0,3,0,0,0,0,0,0
1/7/17,5/6/19,deltas_PV_170107_1Specimen_RawData_3.csv,18_CTNT2,0.07079,,,0.056267591,0.048175,0.048175,0.011603622,2,8,0,8,0,8,0,0,0,0,0,0,0
1/7/17,5/6/19,deltas_PV_170107_1Specimen_RawData_4.csv,18DT_44,0.20391,,,NA,0.21552,0.21552,NA,1,4,0,4,1,4,0,0,0,0,0,0,0
1/7/17,5/6/19,deltas_PV_170107_1Specimen_RawData_5.csv,DT18_41,0.02543,,,0.008469102,0.007045,0.00825,0.00193941,6,0,12,36,1,0,0,12,0,0,0,0,0
1/7/17,5/6/19,deltas_PV_170107_1Specimen_RawData_6.csv,18DT_47,0.09977,,,0.022735418,0.03261,0.03261,0.021929671,5,21,2,25,0,21,2,0,0,0,0,0,0
1/7/17,5/6/19,deltas_PV_170107_1Specimen_RawData_7.csv,17CT_33,0.18647,,,0.145704315,0.09778,0.09778,0.068716637,2,8,0,8,0,8,0,0,0,0,0,0,0
1/7/17,5/6/19,deltas_PV_170107_1Specimen_RawData_8.csv,17CT_36,0.72786,,,0.046260776,0.056225,0.07605,0.10563182,22,27,5,46,0,27,2,0,2,0,0,1,0
1/7/17,5/6/19,deltas_PV_170107_1Specimen_RawData_9.csv,18AT_41,0.04672,,,0.006945719,0.008965,0.00693,0.005000434,6,0,12,24,1,0,12,0,0,0,0,0,0
1/7/17,5/6/19,deltas_PV_170107_2Specimen_RawData_1.csv,17DG_39,1.63142,,,0.050415201,0.09089,0.1345,0.083838538,20,55,3,63,0,55,1,2,0,0,0,0,0
1/7/17,5/6/19,deltas_PV_170107_2Specimen_RawData_2.csv,17DG_39,0.72575,,,0.319023038,0.23215,0.31262,0.138191198,7,36,0,36,0,36,0,0,0,0,0,0,0
1/7/17,5/6/19,deltas_PV_170107_2Specimen_RawData_3.csv,17DG_35,0.3961,,,0.180115135,0.14716,0.14716,0.082092476,9,19,0,19,0,19,0,0,0,0,0,0,0
1/7/17,5/6/19,deltas_PV_170107_2Specimen_RawData_4.csv,17DG_37,1.09597,,,0.061740445,0.14336,0.22431,0.126624237,18,49,3,55,0,49,3,0,0,0,0,0,0
1/7/17,5/6/19,deltas_PV_170107_2Specimen_RawData_5.csv,3AG_24,0.03907,,0.03407,NA,0.02457,0.02457,NA,1,4,0,4,1,4,0,0,0,0,0,0,0
1/7/17,5/6/19,deltas_PV_170107_2Specimen_RawData_6.csv,3AG_19,0.51913,,,0.028071718,0.03871,0.1219,0.095710624,10,15,3,30,0,15,0,1,1,0,0,0,1
1/7/17,5/6/19,deltas_PV_170107_2Specimen_RawData_7.csv,3AG_22,0.73679,,,0.028184738,0.04259,0.05714,0.085025103,23,27,6,50,0,27,3,0,1,0,1,1,0
1/7/17,5/6/19,deltas_PV_170107_2Specimen_RawData_8.csv,20CG_58,0.70788,,,NA,0.02722,0.02722,NA,1,2,0,2,1,2,0,0,0,0,0,0,0
1/8/17,5/6/19,deltas_PV_170108_0Specimen_RawData_1.csv,20CG_57,0.01203,1,NA,NA,NA,NA,NA,NA,NA,NA,NA,1,NA,NA,NA,NA,NA,NA,NA,NA
1/8/17,5/6/19,deltas_PV_170108_0Specimen_RawData_2.csv,20CG_61,0.02239,,,NA,0.01512,0.01512,NA,1,1,0,1,1,1,0,0,0,0,0,0,0
1/8/17,5/6/19,deltas_PV_170108_0Specimen_RawData_3.csv,20CG_63,0.05759,,,0.012061244,0.0138,0.0138,0.013238142,4,9,0,9,0,9,0,0,0,0,0,0,0
1/8/17,5/6/19,deltas_PV_170108_1Specimen_RawData_1.csv,2DG_15,0.19619,,,0.129187612,0.12234,0.12234,0.061598333,3,8,0,8,0,8,0,0,0,0,0,0,0
1/8/17,5/6/19,deltas_PV_170108_1Specimen_RawData_2.csv,2DG_11,0.19822,,,0.064487641,0.063555,0.05753,0.063530368,6,10,1,12,0,10,1,0,0,0,0,0,0
1/8/17,5/6/19,deltas_PV_170108_1Specimen_RawData_3.csv,20DT_UNK,0.19153,,,0.029332833,0.03648,0.05866,0.052556961,14,19,6,35,0,19,3,2,1,0,0,0,0
1/8/17,5/6/19,deltas_PV_170108_1Specimen_RawData_4.csv,11AT_86,0.17094,,,0.075978692,0.08296,0.08296,0.058469025,5,8,1,10,0,8,1,0,0,0,0,0,0
1/8/17,5/6/19,deltas_PV_170108_1Specimen_RawData_5.csv,11AT_NL,0.06823,,,0.042453817,0.02977,0.02977,0.018186786,2,10,0,10,0,10,0,0,0,0,0,0,0
1/8/17,5/6/19,deltas_PV_170108_1Specimen_RawData_6.csv,10DG_57,0.74509,,,0.063131472,0.09456,0.05106,0.112124877,14,32,4,42,0,32,2,2,0,0,0,0,0
1/8/17,5/6/19,deltas_PV_170108_1Specimen_RawData_7.csv,10DG_59,0.72436,,,0.139315411,0.1837,0.1837,0.136017234,5,22,1,24,0,22,1,0,0,0,0,0,0
1/8/17,5/6/19,deltas_PV_170108_1Specimen_RawData_8.csv,10DG_no #,0.5014,,0.4514,0.19673863,0.18167,0.18167,0.049983814,5,9,0,9,0,9,0,0,0,0,0,0,0
1/8/17,5/6/19,deltas_PV_170108_1Specimen_RawData_9.csv,19AG_UNK,0.04795,1,NA,0.017949725,0.01721,0.01721,0.00106066,2,7,0,7,0,7,0,0,0,0,0,0,0
1/8/17,5/6/19,deltas_PV_170108_2Specimen_RawData_1.csv,11DG_Unk2,0.18525,,,0.031539326,0.07706,0.07706,0.078633391,4,6,1,8,0,6,1,0,0,0,0,0,0
1/8/17,5/6/19,deltas_PV_170108_2Specimen_RawData_10.csv,2DG_13,0.07742,,0.02742,0.018024281,0.01759,0.01759,0.007166233,4,22,0,22,0,22,0,0,0,0,0,0,0
1/8/17,5/6/19,deltas_PV_170108_2Specimen_RawData_2.csv,11DG_unk1,0.74045,,,0.112975179,0.13641,0.13641,0.148692189,9,21,2,26,0,21,1,1,0,0,0,0,0
1/8/17,5/6/19,deltas_PV_170108_2Specimen_RawData_3.csv,11DG_85,0.06319,,0.04319,0.030232792,0.018915,0.018915,0.016228101,2,4,0,4,1,4,0,0,0,0,0,0,0
1/8/17,5/6/19,deltas_PV_170108_2Specimen_RawData_4.csv,13DG_7,0.0696,,,0.011239009,0.013795,0.02119,0.012799519,8,10,0,10,0,10,0,0,0,0,0,0,0
1/8/17,5/6/19,deltas_PV_170108_2Specimen_RawData_5.csv,13DG_5,0.54248,,,0.032256527,0.04407,0.03178,0.172019877,7,10,2,20,0,10,1,0,0,0,0,0,1
1/8/17,5/6/19,deltas_PV_170108_2Specimen_RawData_6.csv,13DG_unk,0.18153,,,0.132309031,0.12327,0.13009,0.049124909,6,15,0,15,0,15,0,0,0,0,0,0,0
1/8/17,5/6/19,deltas_PV_170108_2Specimen_RawData_7.csv,9BT_74,0.29177,,,0.039814636,0.04386,0.05533,0.061280382,8,8,1,13,0,8,0,0,0,1,0,0,0
1/8/17,5/6/19,deltas_PV_170108_2Specimen_RawData_8.csv,9BT_74_2,0.16759,,,0.062672091,0.07123,0.07123,0.055277339,3,6,1,8,0,6,1,0,0,0,0,0,0
1/8/17,5/6/19,deltas_PV_170108_2Specimen_RawData_9.csv,9BT_78,0.08908,,,0.032240524,0.03165,0.03165,0.025400024,3,19,1,21,0,19,1,0,0,0,0,0,0
1/8/17,5/6/19,deltas_PV_170108_3Specimen_RawData_1.csv,19AG_51,0.02786,,,NA,0.01647,0.01647,NA,1,1,0,1,1,1,0,0,0,0,0,0,0
1/21/17,5/6/19,deltas_PV_170121_1Specimen_RawData_1.csv,19DT_NT,0.07495,,,0.045889518,0.030575,0.030575,0.023319786,4,17,1,19,0,17,1,0,0,0,0,0,0
1/21/17,5/6/19,deltas_PV_170121_1Specimen_RawData_10.csv,4DG_32,0.96321,,,0.153286965,0.167275,0.17137,0.069965097,6,15,0,15,0,15,0,0,0,0,0,0,0
1/21/17,5/6/19,deltas_PV_170121_1Specimen_RawData_2.csv,19AG_56,0.16689,,,0.008365058,0.00808,0.00808,0.063366265,5,0,20,70,1,0,0,18,0,0,0,0,2
1/21/17,5/6/19,deltas_PV_170121_1Specimen_RawData_3.csv,14DT_NT1,0.28781,,,0.03887897,0.0408,0.03604,0.094238301,9,23,3,37,0,23,0,0,2,0,1,0,0
1/21/17,5/6/19,deltas_PV_170121_1Specimen_RawData_4.csv,14DT_NT2,0.34318,,,0.036526897,0.049885,0.049885,0.148602852,4,5,1,11,0,5,0,0,0,0,1,0,0
1/21/17,5/6/19,deltas_PV_170121_1Specimen_RawData_5.csv,14DT_NoLabel,0.00887,,,0.002750486,0.002743007,0.002743007,0.00186914,5,0,5,40,1,0,0,0,0,0,0,0,5
1/21/17,5/6/19,deltas_PV_170121_1Specimen_RawData_6.csv,19CG_45,0.2512,,0.2492,0.22683185,0.131935,0.131935,0.136068558,2,16,0,16,0,16,0,0,0,0,0,0,0
1/21/17,5/6/19,deltas_PV_170121_1Specimen_RawData_7.csv,19CG_NoLabel1,0.03045,1,NA,NA,NA,NA,NA,NA,NA,NA,NA,1,NA,NA,NA,NA,NA,NA,NA,NA
1/21/17,5/6/19,deltas_PV_170121_1Specimen_RawData_8.csv,19CG_NoLabel2,0.01001,,,0.001894603,0.001820652,0.001902174,0.001889945,6,0,6,48,1,0,0,0,0,0,0,0,6
1/21/17,5/6/19,deltas_PV_170121_1Specimen_RawData_9.csv,4DG_25,0.99007,,,0.049223389,0.06443,0.06588,0.077780379,15,26,3,35,0,26,1,1,1,0,0,0,0
1/21/17,5/6/19,deltas_PV_170121_3Specimen_RawData_1.csv,4DG_31,1.04612,,,0.043863504,0.088525,0.02173,0.07125965,18,26,2,31,0,26,1,1,0,0,0,0,0
1/21/17,5/6/19,deltas_PV_170121_3Specimen_RawData_2.csv,13CT_6,0.10381,,0.09381,0.033793194,0.04529,0.04529,0.025033914,4,9,0,9,0,9,0,0,0,0,0,0,0
1/21/17,5/6/19,deltas_PV_170121_3Specimen_RawData_3.csv,13CT_5,0.06552,,,0.026037071,0.0341,0.0341,0.013104358,4,13,0,13,0,13,0,0,0,0,0,0,0
1/22/17,5/6/19,deltas_PV_170122_1Specimen_RawData_1.csv,3BT_18,0.23093,,,0.045116352,0.048685,0.048685,0.033602406,4,7,0,7,0,7,0,0,0,0,0,0,0
1/22/17,5/6/19,deltas_PV_170122_1Specimen_RawData_10.csv,12DT_90,0.03407,,,0.008822701,0.01022,0.00784,0.008898406,8,0,19,38,1,0,19,0,0,0,0,0,0
1/22/17,5/6/19,deltas_PV_170122_1Specimen_RawData_2.csv,3BT_23,0.05389,,0.03389,NA,0.03239,0.03239,NA,1,7,0,7,0,7,0,0,0,0,0,0,0
1/22/17,5/6/19,deltas_PV_170122_1Specimen_RawData_3.csv,3BT_19,0.13672,,,0.046249435,0.05765,0.05765,0.051931645,4,5,1,7,0,5,1,0,0,0,0,0,0
1/22/17,5/6/19,deltas_PV_170122_1Specimen_RawData_4.csv,18BG_42,0.08799,,,NA,0.0919,0.0919,NA,1,3,0,3,1,3,0,0,0,0,0,0,0
1/22/17,5/6/19,deltas_PV_170122_1Specimen_RawData_5.csv,18BG_43,0.06172,1,NA,0.010691496,0.01445,0.00914,0.007105812,7,13,0,13,0,13,0,0,0,0,0,0,0
1/22/17,5/6/19,deltas_PV_170122_1Specimen_RawData_6.csv,18BG_48,0.13923,,,0.13586703,0.07086,0.07086,0.093210816,2,5,0,5,0,5,0,0,0,0,0,0,0
1/22/17,5/6/19,deltas_PV_170122_1Specimen_RawData_7.csv,18BG_46,0.05879,1,NA,0.010614776,0.008285,0.00626,0.003232785,6,0,7,21,1,0,0,7,0,0,0,0,0
1/22/17,5/6/19,deltas_PV_170122_1Specimen_RawData_8.csv,18BG_46 run 2,0.06005,,,0.009283362,0.011,0.011,0.00572425,3,0,7,14,1,0,7,0,0,0,0,0,0
1/22/17,5/6/19,deltas_PV_170122_1Specimen_RawData_9.csv,12DT_92,0.37435,,,0.086822949,0.09071,0.12985,0.092757728,9,13,1,16,0,13,0,1,0,0,0,0,0
1/22/17,5/6/19,deltas_PV_170122_2Specimen_RawData_1.csv,3CT_17,0.70951,1,NA,0.253849699,0.13936,0.13936,0.16416191,2,13,0,13,0,13,0,0,0,0,0,0,0
1/22/17,5/6/19,deltas_PV_170122_2Specimen_RawData_10.csv,14BT_14,0.55606,,,0.082520795,0.107845,0.09539,0.094577717,12,23,2,27,0,23,2,0,0,0,0,0,0
1/22/17,5/6/19,deltas_PV_170122_2Specimen_RawData_2.csv,3CT_17_run2,0.29793,,,0.10856906,0.14346,0.14346,0.101375765,3,7,0,7,0,7,0,0,0,0,0,0,0
1/22/17,5/6/19,deltas_PV_170122_2Specimen_RawData_3.csv,3CT_21,0.29249,,,0.111917486,0.1241,0.1241,0.036124339,4,12,0,12,0,12,0,0,0,0,0,0,0
1/22/17,5/6/19,deltas_PV_170122_2Specimen_RawData_4.csv,3CT_24,1.32302,,,0.087446112,0.10475,0.21881,0.079394959,24,23,6,35,0,23,6,0,0,0,0,0,0
1/22/17,5/6/19,deltas_PV_170122_2Specimen_RawData_5.csv,12CG_94,0.94534,,,0.031335327,0.04319,0.13326,0.103003456,17,17,7,46,0,17,3,0,1,0,2,1,0
1/22/17,5/6/19,deltas_PV_170122_2Specimen_RawData_6.csv,3CT_94,1.27545,,,0.219011691,0.18724,0.21104,0.068553924,12,35,0,35,0,35,0,0,0,0,0,0,0
1/22/17,5/6/19,deltas_PV_170122_2Specimen_RawData_8.csv,12CG_91,0.23598,,0.15598,0.123847164,0.104205,0.104205,0.028164063,2,25,0,25,0,25,0,0,0,0,0,0,0
1/22/17,5/6/19,deltas_PV_170122_2Specimen_RawData_9.csv,14BT_10,0.08602,,,0.00996916,0.01259,0.00961,0.011528029,9,22,0,22,0,22,0,0,0,0,0,0,0
2/12/17,5/6/19,deltas_PV_170212_1Specimen_RawData_1.csv,10BG_Unk1,0.11691,,,0.021775193,0.022635659,0.019534884,0.034488969,8,7,1,12,0,7,0,0,0,1,0,0,0
2/12/17,5/6/19,deltas_PV_170212_1Specimen_RawData_10.csv,12BT_95,0.39216,,,0.36212806,0.202885,0.202885,0.228331851,2,12,0,12,0,12,0,0,0,0,0,0,0
2/12/17,5/6/19,deltas_PV_170212_1Specimen_RawData_2.csv,10BG_Unk2,0.64592,,,0.151701946,0.20626,0.20626,0.109153715,5,11,0,11,0,11,0,0,0,0,0,0,0
2/12/17,5/6/19,deltas_PV_170212_1Specimen_RawData_4.csv,9AG_77,1.5865,,,0.072260771,0.17626,0.21165,0.099386423,19,20,2,24,0,20,2,0,0,0,0,0,0
2/12/17,5/6/19,deltas_PV_170212_1Specimen_RawData_5.csv,9AG_80,0.51878,,,0.007733254,0.00862,0.00862,0.177772403,4,0,13,32,1,0,12,0,0,0,0,0,1
2/12/17,5/6/19,deltas_PV_170212_1Specimen_RawData_6.csv,9AG_79,0.58789,,,0.058149944,0.09935,0.0223,0.088998798,15,20,4,28,0,20,4,0,0,0,0,0,0
2/12/17,5/6/19,deltas_PV_170212_1Specimen_RawData_7.csv,9DT_73,0.29008,,,0.137475152,0.09745,0.09745,0.057349906,9,18,0,18,0,18,0,0,0,0,0,0,0
2/12/17,5/6/19,deltas_PV_170212_1Specimen_RawData_8.csv,9AG_76,0.2751,,0.1451,0.141189067,0.12899,0.12899,0.07167132,3,11,0,11,0,11,0,0,0,0,0,0,0
2/12/17,5/6/19,deltas_PV_170212_1Specimen_RawData_9.csv,9DG_77,0.07952,,,0.006667209,0.009785933,0.009785933,0.027628966,7,0,7,19,1,0,6,0,0,0,0,1,0
2/12/17,5/6/19,deltas_PV_170212_2Specimen_RawData_1.csv,12BT_91,0.13297,,,0.024643312,0.02405,0.02405,0.042731974,5,7,2,15,0,7,0,1,0,1,0,0,0
2/12/17,5/6/19,deltas_PV_170212_2Specimen_RawData_10.csv,14AG_70,1.15301,,,0.05521387,0.08554,0.17708,0.137993959,31,61,10,93,0,61,3,2,5,0,0,0,0
2/12/17,5/6/19,deltas_PV_170212_2Specimen_RawData_2.csv,9CG_75,0.27909,1,NA,0.00908475,0.0096,0.00938,0.014380584,9,0,16,37,1,0,15,0,0,0,0,1,0
2/12/17,5/6/19,deltas_PV_170212_2Specimen_RawData_3.csv,9CG_75_run2,0.46556,,,0.088463125,0.09275,0.09275,0.198932219,3,17,1,21,0,17,0,0,1,0,0,0,0
2/12/17,5/6/19,deltas_PV_170212_2Specimen_RawData_4.csv,9CG_74,0.06649,,,0.004569592,0.0067,0.0067,0.003054701,2,0,12,36,1,0,0,12,0,0,0,0,0
2/12/17,5/6/19,deltas_PV_170212_2Specimen_RawData_5.csv,9CG_78,0.35192,,,0.035340316,0.0352,0.0352,0.014826204,5,8,1,10,0,8,1,0,0,0,0,0,0
2/12/17,5/6/19,deltas_PV_170212_2Specimen_RawData_6.csv,9CG_76,0.71948,,,0.016149396,0.020395,0.020395,0.073775504,4,17,1,25,0,17,0,0,0,0,0,0,1
2/12/17,5/6/19,deltas_PV_170212_2Specimen_RawData_7.csv,14AG_11,0.17125,,,0.005897417,0.007365,0.007365,0.006413207,4,0,10,30,1,0,0,10,0,0,0,0,0
2/12/17,5/6/19,deltas_PV_170212_2Specimen_RawData_8.csv,14AG_11,0.25222,,,0.02692319,0.0507,0.02345,0.075291941,6,8,2,14,0,8,1,0,1,0,0,0,0
2/12/17,5/6/19,deltas_PV_170212_2Specimen_RawData_9.csv,14AG_Unk,0.65532,,,0.198383631,0.19536,0.2057,0.074831228,10,24,0,24,0,24,0,0,0,0,0,0,0
2/12/17,5/6/19,deltas_PV_170212_3Specimen_RawData_1.csv,13BG_8,0.33378,,,0.081201436,0.12758,0.0953,0.092021517,6,15,0,15,0,15,0,0,0,0,0,0,0
2/12/17,5/6/19,deltas_PV_170212_3Specimen_RawData_10.csv,12DT_92,0.01519,1,NA,NA,NA,NA,NA,NA,NA,NA,NA,1,NA,NA,NA,NA,NA,NA,NA,NA
2/12/17,5/6/19,deltas_PV_170212_3Specimen_RawData_3.csv,13BG_2,0.49497,,,0.170134462,0.17582,0.17582,0.083410774,5,11,1,13,0,11,1,0,0,0,0,0,0
2/12/17,5/6/19,deltas_PV_170212_3Specimen_RawData_4.csv,13BG_3,0.01368,,,0.011949394,0.006798429,0.006798429,0.007385749,2,0,2,6,1,0,0,2,0,0,0,0,0
2/12/17,5/6/19,deltas_PV_170212_3Specimen_RawData_5.csv,5AG_40,0.07374,,,0.01154346,0.01624,0.01624,0.024159905,3,12,1,16,0,12,0,0,1,0,0,0,0
2/12/17,5/6/19,deltas_PV_170212_3Specimen_RawData_6.csv,5AG_30,0.15115,,,0.01761609,0.01805,0.01805,0.038513175,5,7,1,13,0,7,0,0,0,0,1,0,0
2/12/17,5/6/19,deltas_PV_170212_3Specimen_RawData_7.csv,5AG_34,0.03571,,,0.010947941,0.00792,0.00792,0.004341636,2,0,3,9,1,0,0,3,0,0,0,0,0
2/12/17,5/6/19,deltas_PV_170212_3Specimen_RawData_8.csv,17DG_34,0.10603,,,NA,0.0852,0.0852,NA,1,9,0,9,0,9,0,0,0,0,0,0,0
2/12/17,5/6/19,deltas_PV_170212_3Specimen_RawData_9.csv,4AT_30,0.08356,,,NA,0.08366,0.08366,NA,1,4,0,4,1,4,0,0,0,0,0,0,0
2/25/17,5/6/19,deltas_PV_170225_1Specimen_RawData_1.csv,2AT_11,0.12005,,,0.015631148,0.01738,0.0174,0.044773189,6,12,1,19,0,12,0,0,0,0,0,1,0
2/25/17,5/6/19,deltas_PV_170225_1Specimen_RawData_10.csv,1BG_5,0.25051,,,0.033555672,0.06087,0.06087,0.114080733,3,22,1,25,0,22,0,1,0,0,0,0,0
2/25/17,5/6/19,deltas_PV_170225_1Specimen_RawData_2.csv,2AT_11,0.09713,,,NA,0.10534,0.10534,NA,1,1,0,1,1,1,0,0,0,0,0,0,0
2/25/17,5/6/19,deltas_PV_170225_1Specimen_RawData_3.csv,2AT_13,0.10934,,,NA,0.11527,0.11527,NA,1,2,0,2,1,2,0,0,0,0,0,0,0
2/25/17,5/6/19,deltas_PV_170225_1Specimen_RawData_4.csv,2AT_15,0.04883,,,NA,0.0095,0.0095,NA,1,0,4,8,1,0,4,0,0,0,0,0,0
2/25/17,5/6/19,deltas_PV_170225_1Specimen_RawData_5.csv,2AT_15,0.21246,,,0.051921781,0.05882,0.05882,0.075136878,5,9,1,12,0,9,0,1,0,0,0,0,0
2/25/17,5/6/19,deltas_PV_170225_1Specimen_RawData_6.csv,5CG_38,0.28303,,,0.021990397,0.024885,0.024885,0.135927071,4,9,1,17,0,9,0,0,0,0,0,0,1
2/25/17,5/6/19,deltas_PV_170225_1Specimen_RawData_7.csv,5CG_36,0.35865,,,0.12555279,0.11081,0.11986,0.043442648,6,13,0,13,0,13,0,0,0,0,0,0,0
2/25/17,5/6/19,deltas_PV_170225_1Specimen_RawData_8.csv,5CG_33,0.06402,,,0.013001081,0.02019,0.02019,0.019392815,5,14,1,17,0,14,0,1,0,0,0,0,0
2/25/17,5/6/19,deltas_PV_170225_1Specimen_RawData_9.csv,1BG_8,0.26037,,,0.023847156,0.035125,0.04206,0.063819868,14,20,6,38,0,20,3,2,0,0,1,0,0
2/25/17,5/6/19,deltas_PV_170225_2Specimen_RawData_1.csv,1BG_5.2,0.02768,,,NA,NA,NA,NA,NA,NA,NA,NA,1,NA,NA,NA,NA,NA,NA,NA,NA
2/25/17,5/6/19,deltas_PV_170225_2Specimen_RawData_2.csv,1BG_6,0.15376,,,0.049709177,0.06354,0.04391,0.040251431,7,16,0,16,0,16,0,0,0,0,0,0,0
2/25/17,5/6/19,deltas_PV_170225_2Specimen_RawData_3.csv,6BG_41,1.72377,,,0.136539344,0.15591,0.19576,0.101611875,25,51,2,55,0,51,2,0,0,0,0,0,0
2/25/17,5/6/19,deltas_PV_170225_2Specimen_RawData_4.csv,1CT_3,0.09211,,,0.064054422,0.05464,0.05464,0.029142557,5,9,0,9,0,9,0,0,0,0,0,0,0
2/25/17,5/6/19,deltas_PV_170225_2Specimen_RawData_5.csv,1CT_6,0.03198,,,0.006985076,0.00729,0.00729,0.002280811,3,0,6,18,1,0,0,6,0,0,0,0,0
2/25/17,5/6/19,deltas_PV_170225_2Specimen_RawData_6.csv,5DT_35,0.1718,,,0.031367034,0.04198,0.0383,0.044573461,11,21,3,27,0,21,3,0,0,0,0,0,0
2/25/17,5/6/19,deltas_PV_170225_2Specimen_RawData_7.csv,1DG_2,0.0985,,,0.008719611,0.009075,0.00905,0.017890862,6,0,9,24,1,0,8,0,0,0,0,0,1
2/25/17,5/6/19,deltas_PV_170225_2Specimen_RawData_8.csv,1DG_unk,0.4118,,,0.036976232,0.055125,0.07726,0.115060938,8,14,2,23,0,14,0,1,0,0,1,0,0
2/25/17,5/6/19,deltas_PV_170225_2Specimen_RawData_9.csv,1DG_3,0.02647,,,0.022877649,0.018692661,0.018692661,0.006000677,2,2,0,2,1,2,0,0,0,0,0,0,0
2/26/17,5/6/19,deltas_PV_170226_1Specimen_RawData_1.csv,1AT_2,0.0747,,,NA,0.08317,0.08317,NA,1,3,0,3,1,3,0,0,0,0,0,0,0
2/26/17,5/6/19,deltas_PV_170226_1Specimen_RawData_10.csv,2BG_13,0.69358,,,0.025871767,0.029755,0.029755,0.041084082,4,6,1,10,0,6,0,0,1,0,0,0,0
2/26/17,5/6/19,deltas_PV_170226_1Specimen_RawData_2.csv,1AT_2.2,0.0083,,,0.006630458,0.003738872,0.003738872,0.004146122,2,0,2,12,1,0,0,0,0,0,2,0,0
2/26/17,5/6/19,deltas_PV_170226_1Specimen_RawData_3.csv,1AT_7,0.00847,,,0.00477912,0.004489437,0.004489437,0.000415363,2,0,2,10,1,0,0,0,0,2,0,0,0
2/26/17,5/6/19,deltas_PV_170226_1Specimen_RawData_4.csv,4BG_28,0.04336,,,NA,0.00579,0.00579,NA,1,0,6,24,1,0,0,0,6,0,0,0,0
2/26/17,5/6/19,deltas_PV_170226_1Specimen_RawData_5.csv,4BG_28,0.36069,,,0.097328888,0.11195,0.12622,0.104877961,8,12,2,16,0,12,2,0,0,0,0,0,0
2/26/17,5/6/19,deltas_PV_170226_1Specimen_RawData_6.csv,4BG_29,0.86594,,,0.10833836,0.13098,0.14832,0.118059556,11,10,3,17,0,10,2,1,0,0,0,0,0
2/26/17,5/6/19,deltas_PV_170226_1Specimen_RawData_7.csv,4BG_Unk,0.0558,,0.04,0.010640614,0.009245,0.009245,0.002001112,2,0,8,22,1,0,7,0,0,0,0,0,1
2/26/17,5/6/19,deltas_PV_170226_1Specimen_RawData_8.csv,6AT_44,0.06217,,,0.019054025,0.01963,0.01963,0.01830447,4,6,1,9,0,6,0,1,0,0,0,0,0
2/26/17,5/6/19,deltas_PV_170226_1Specimen_RawData_9.csv,6AT_47,0.19279,,,0.052935,0.05984,0.05984,0.077202862,3,8,1,10,0,8,1,0,0,0,0,0,0
2/26/17,5/6/19,deltas_PV_170226_2Specimen_RawData_1.csv,2BG_14,0.05342,,,0.013274613,0.012005,0.012005,0.0049259,4,0,6,12,1,0,6,0,0,0,0,0,0
2/26/17,5/6/19,deltas_PV_170226_2Specimen_RawData_10.csv,7AG_53,0.0332,,,NA,0.0276,0.0276,NA,1,1,0,1,1,1,0,0,0,0,0,0,0
2/26/17,5/6/19,deltas_PV_170226_2Specimen_RawData_2.csv,7BT_54,0.12958,,,0.140768209,0.13344,0.13344,0.010507607,2,3,0,3,1,3,0,0,0,0,0,0,0
2/26/17,5/6/19,deltas_PV_170226_2Specimen_RawData_3.csv,5BT_33,0.16845,,,0.089130357,0.07678,0.07678,0.046808388,3,8,0,8,0,8,0,0,0,0,0,0,0
2/26/17,5/6/19,deltas_PV_170226_2Specimen_RawData_4.csv,7DT_51,0.08631,,,NA,0.06573,0.06573,NA,1,2,0,2,1,2,0,0,0,0,0,0,0
2/26/17,5/6/19,deltas_PV_170226_2Specimen_RawData_5.csv,8CG_unk,0.04714,1,NA,0.004352742,0.00599,0.00599,0.002347595,2,0,6,24,1,0,0,0,6,0,0,0,0
2/26/17,5/6/19,deltas_PV_170226_2Specimen_RawData_6.csv,8CG_70,0.1626,,,0.007471753,0.00793,0.00739,0.058644402,7,0,8,29,1,0,0,7,0,0,0,0,1
2/26/17,5/6/19,deltas_PV_170226_2Specimen_RawData_7.csv,8AG_unk,0.27619,,,0.040704407,0.052145,0.02838,0.064999747,8,14,3,22,0,14,2,0,1,0,0,0,0
2/26/17,5/6/19,deltas_PV_170226_2Specimen_RawData_8.csv,8AG_68,0.28868,,,0.079987534,0.09141,0.1268,0.050252735,8,22,0,22,0,22,0,0,0,0,0,0,0
2/26/17,5/6/19,deltas_PV_170226_2Specimen_RawData_9.csv,8AG_69,0.14711,,,0.012638081,0.01712,0.00886,0.039224915,8,30,1,37,0,30,0,0,0,0,0,1,0
2/26/17,5/6/19,deltas_PV_170226_3Specimen_RawData_1.csv,7AG_53,0.03831,,,0.022636239,0.02071,0.02071,0.008831587,3,9,0,9,0,9,0,0,0,0,0,0,0
2/26/17,5/6/19,deltas_PV_170226_3Specimen_RawData_2.csv,7CG_50,0.10801,,0.09801,NA,0.07747,0.07747,NA,1,8,0,8,0,8,0,0,0,0,0,0,0
2/26/17,5/6/19,deltas_PV_170226_3Specimen_RawData_3.csv,7CG_52,0.04258,,,0.018525059,0.01169,0.01169,0.0098005,2,0,6,12,1,0,6,0,0,0,0,0,0
2/26/17,5/6/19,deltas_PV_170226_3Specimen_RawData_4.csv,7CG_56,0.48809,,,0.120580572,0.172805,0.12498,0.130451204,6,16,1,18,0,16,1,0,0,0,0,0,0
2/26/17,5/6/19,deltas_PV_170226_3Specimen_RawData_6.csv,4CT_32_pl,0.14378,,,0.127908139,0.07162,0.07162,0.080709168,2,2,0,2,1,2,0,0,0,0,0,0,0
2/26/17,5/6/19,deltas_PV_170226_3Specimen_RawData_7.csv,8CG_71,0.03895,,,NA,0.01222,0.01222,NA,1,0,2,4,1,0,2,0,0,0,0,0,0